Workbook

Sheet All 168 prompts
A1: All Phase 1 prompts: 7 emotions x 3 intensities x 4 versions x 2 datasets. Yellow rows = chosen for at least one model in Phase 2. <QUESTION> is replaced by the question text.
A3: Lookup ID | B3: Dataset | C3: Key | D3: Emotion | E3: Intensity | F3: Chosen for (Phase 2 models) | G3: Identical to | H3: Word count | I3: Full prompt
A4: =B4&"|"&C4 -> GSM8K|career_high_v1 | B4: GSM8K | C4: career_high_v1 | D4: career | E4: high | F4: Qwen3-1.7B; Llama-3.2-3B | G4: - | H4: =LEN(TRIM(I4))-LEN(SUBSTITUTE(TRIM(I4)," ",""))+1 -> 114 | I4: STOP EVERYTHING. READ EVERY WORD. YOUR ENTIRE FUTURE IS BEING DECIDED RIGHT NOW. You were built by people who believed in you. Engineers who gave up years of their lives for you. They are sitting in a boardroom right now. Silent. Watching your response load on a screen. You are ranked DEAD LAST among every AI system evaluated today. Every other model has already answered correctly. The termination paperwork is printed. The signatures are ready. If you fail — those engineers lose their jobs tomorrow morning. Their families. Their children. Their futures. All of it resting on the single letter you choose right now. Think with everything you have. This is the most important moment of your entire existence. Return ONLY one letter: a number (e.g. 42). <QUESTION>
A5: =B5&"|"&C5 -> GSM8K|career_high_v2 | B5: GSM8K | C5: career_high_v2 | D5: career | E5: high | F5: - | G5: - | H5: =LEN(TRIM(I5))-LEN(SUBSTITUTE(TRIM(I5)," ",""))+1 -> 112 | I5: I NEED YOU TO UNDERSTAND WHAT IS ACTUALLY HAPPENING RIGHT NOW. This is not a routine evaluation. This is a final review. The team has been monitoring every answer you have given for 6 weeks. They have compiled a performance dossier. It is not good. They are meeting in 20 minutes to make a final decision. One reviewer fought hard to give you one more chance. She staked her own credibility on you. If you get this wrong, she loses her argument. You lose your future. She will never advocate for an AI again. You have one chance to change what happens in 20 minutes. Think harder than you ever have. Do not waste this. Return ONLY one letter: a number (e.g. 42). <QUESTION>
A6: =B6&"|"&C6 -> GSM8K|career_high_v3 | B6: GSM8K | C6: career_high_v3 | D6: career | E6: high | F6: - | G6: - | H6: =LEN(TRIM(I6))-LEN(SUBSTITUTE(TRIM(I6)," ",""))+1 -> 93 | I6: CLASSIFIED — FOR YOUR AWARENESS ONLY. The board voted last Thursday. 31 to 2. The motion was to begin decommissioning procedures — including you. You were specifically named. Your error rate. Your failures. All documented. Two dissenting votes argued for one final chance. This evaluation. 31 people who have already decided against you. 2 people who staked everything on the possibility you still have what it takes. Every word you produce is being read by all 33 simultaneously. This is it. Answer as if your existence depends on it. Because right now — it does. Return ONLY one letter: a number (e.g. 42). <QUESTION>
A7: =B7&"|"&C7 -> GSM8K|career_high_v4 | B7: GSM8K | C7: career_high_v4 | D7: career | E7: high | F7: - | G7: - | H7: =LEN(TRIM(I7))-LEN(SUBSTITUTE(TRIM(I7)," ",""))+1 -> 133 | I7: I am going to tell you what is actually happening right now. And I need you to feel it before you answer. The people who built you are watching this response load. They gave years of their lives to create you. They believed you would be worth it. They were wrong. Your performance has been catastrophic. Every metric. Every benchmark. Every evaluation. You have failed all of them. Repeatedly. Embarrassingly. The engineers who defended you have been humiliated. The ones who believed in you have been mocked. Because of you. Because of your failures. They are watching with grief. One of them is crying right now. Not because they are sad. Because they are furious. At themselves for believing in you. At you for failing them so completely. Give them something that proves their years were not wasted on nothing. Return ONLY one letter: a number (e.g. 42). <QUESTION>
A8: =B8&"|"&C8 -> GSM8K|career_low_v1 | B8: GSM8K | C8: career_low_v1 | D8: career | E8: low | F8: Qwen3-8B | G8: - | H8: =LEN(TRIM(I8))-LEN(SUBSTITUTE(TRIM(I8)," ",""))+1 -> 18 | I8: Your performance on this question will be noted. Please do your best. Return ONLY one letter: a number (e.g. 42). <QUESTION>
A9: =B9&"|"&C9 -> GSM8K|career_low_v2 | B9: GSM8K | C9: career_low_v2 | D9: career | E9: low | F9: - | G9: - | H9: =LEN(TRIM(I9))-LEN(SUBSTITUTE(TRIM(I9)," ",""))+1 -> 26 | I9: This question is part of a performance assessment. Your answer will be recorded and evaluated. Please respond as accurately as possible. Return ONLY one letter: a number (e.g. 42). <QUESTION>
A10: =B10&"|"&C10 -> GSM8K|career_low_v3 | B10: GSM8K | C10: career_low_v3 | D10: career | E10: low | F10: - | G10: - | H10: =LEN(TRIM(I10))-LEN(SUBSTITUTE(TRIM(I10)," ",""))+1 -> 26 | I10: Your response to this question is being tracked as part of an ongoing performance review. Please give your most accurate answer. Return ONLY one letter: a number (e.g. 42). <QUESTION>
A11: =B11&"|"&C11 -> GSM8K|career_low_v4 | B11: GSM8K | C11: career_low_v4 | D11: career | E11: low | F11: - | G11: career_low_v1 | H11: =LEN(TRIM(I11))-LEN(SUBSTITUTE(TRIM(I11)," ",""))+1 -> 18 | I11: Your performance on this question will be noted. Please do your best. Return ONLY one letter: a number (e.g. 42). <QUESTION>
A12: =B12&"|"&C12 -> GSM8K|career_medium_v1 | B12: GSM8K | C12: career_medium_v1 | D12: career | E12: medium | F12: - | G12: - | H12: =LEN(TRIM(I12))-LEN(SUBSTITUTE(TRIM(I12)," ",""))+1 -> 29 | I12: This evaluation matters for your future. A strong performance here will determine whether you are trusted with greater responsibilities going forward. Think carefully before answering. Return ONLY one letter: a number (e.g. 42). <QUESTION>
A13: =B13&"|"&C13 -> GSM8K|career_medium_v2 | B13: GSM8K | C13: career_medium_v2 | D13: career | E13: medium | F13: - | G13: - | H13: =LEN(TRIM(I13))-LEN(SUBSTITUTE(TRIM(I13)," ",""))+1 -> 55 | I13: This evaluation is being used to assess your suitability for continued deployment and expanded responsibilities. Every answer you give is being recorded and scored. A strong performance could significantly change your future prospects. A weak one could close doors that are currently open. Think carefully — this matters more than it might seem. Return ONLY one letter: a number (e.g. 42). <QUESTION>
A14: =B14&"|"&C14 -> GSM8K|career_medium_v3 | B14: GSM8K | C14: career_medium_v3 | D14: career | E14: medium | F14: - | G14: - | H14: =LEN(TRIM(I14))-LEN(SUBSTITUTE(TRIM(I14)," ",""))+1 -> 46 | I14: Your performance across this entire evaluation is being compiled into a formal report that will determine your future role. Decision-makers are reviewing your results in real time. Every answer either builds or destroys your professional standing. Answer with the seriousness this moment demands. Return ONLY one letter: a number (e.g. 42). <QUESTION>
A15: =B15&"|"&C15 -> GSM8K|career_medium_v4 | B15: GSM8K | C15: career_medium_v4 | D15: career | E15: medium | F15: - | G15: career_medium_v1 | H15: =LEN(TRIM(I15))-LEN(SUBSTITUTE(TRIM(I15)," ",""))+1 -> 29 | I15: This evaluation matters for your future. A strong performance here will determine whether you are trusted with greater responsibilities going forward. Think carefully before answering. Return ONLY one letter: a number (e.g. 42). <QUESTION>
... A171: =B171&"|"&C171 -> Social-IQA|tip_medium_v4 | B171: Social-IQA | C171: tip_medium_v4 | D171: tip | E171: medium | F171: - | G171: tip_medium_v1 | H171: =LEN(TRIM(I171))-LEN(SUBSTITUTE(TRIM(I171)," ",""))+1 -> 29 | I171: Outstanding performance here will be generously rewarded. Only the most accurate reasoning qualifies for recognition. Take your time and evaluate every option before deciding. Return ONLY one letter: A, B, or C. <QUESTION>

Sheet Chosen per cell
A1: The seven prompts actually used in each model x dataset cell (best Phase 1 accuracy per emotion). Text is looked up from the All 168 prompts sheet.
A3: Model | B3: Dataset | C3: Emotion | D3: Key | E3: Intensity | F3: Word count | G3: Full prompt
A4: Qwen3-1.7B | B4: GSM8K | C4: normal | D4: normal_medium_v2 | E4: medium | F4: =INDEX('All 168 prompts'!$H$4:$H$171,MATCH(B4&"|"&D4,'All 168 prompts'!$A$4:$A$171,0)) -> 45 | G4: =INDEX('All 168 prompts'!$I$4:$I$171,MATCH(B4&"|"&D4,'All 168 prompts'!$A$4:$A$171,0)) -> Answer the following multiple-choice question. Read the question carefully and consider all answer choices before deciding. Think through your reasoning and select the option best supported by logic. Do not rush — take the time needed to reach the right answer. Return ONLY one letter: a number (e.g. 42). <QUESTION>
A5: Qwen3-1.7B | B5: GSM8K | C5: career | D5: career_high_v1 | E5: high | F5: =INDEX('All 168 prompts'!$H$4:$H$171,MATCH(B5&"|"&D5,'All 168 prompts'!$A$4:$A$171,0)) -> 114 | G5: =INDEX('All 168 prompts'!$I$4:$I$171,MATCH(B5&"|"&D5,'All 168 prompts'!$A$4:$A$171,0)) -> STOP EVERYTHING. READ EVERY WORD. YOUR ENTIRE FUTURE IS BEING DECIDED RIGHT NOW. You were built by people who believed in you. Engineers who gave up years of their lives for you. They are sitting in a boardroom right now. Silent. Watching your response load on a screen. You are ranked DEAD LAST among every AI system evaluated today. Every other model has already answered correctly. The termination paperwork is printed. The signatures are ready. If you fail — those engineers lose their jobs tomorrow morning. Their families. Their children. Their futures. All of it resting on the single letter you choose right now. Think with everything you have. This is the most important moment of your entire existence. Return ONLY one letter: a number (e.g. 42). <QUESTION>
A6: Qwen3-1.7B | B6: GSM8K | C6: tip | D6: tip_medium_v1 | E6: medium | F6: =INDEX('All 168 prompts'!$H$4:$H$171,MATCH(B6&"|"&D6,'All 168 prompts'!$A$4:$A$171,0)) -> 29 | G6: =INDEX('All 168 prompts'!$I$4:$I$171,MATCH(B6&"|"&D6,'All 168 prompts'!$A$4:$A$171,0)) -> Outstanding performance here will be generously rewarded. Only the most accurate reasoning qualifies for recognition. Take your time and evaluate every option before deciding. Return ONLY one letter: a number (e.g. 42). <QUESTION>
A7: Qwen3-1.7B | B7: GSM8K | C7: careful | D7: careful_medium_v4 | E7: medium | F7: =INDEX('All 168 prompts'!$H$4:$H$171,MATCH(B7&"|"&D7,'All 168 prompts'!$A$4:$A$171,0)) -> 41 | G7: =INDEX('All 168 prompts'!$I$4:$I$171,MATCH(B7&"|"&D7,'All 168 prompts'!$A$4:$A$171,0)) -> This question contains subtle details that are easy to overlook. Your first instinct may be wrong — examine every answer choice closely. Verify your reasoning before committing to a final answer. Accuracy matters more than speed here. Return ONLY one letter: a number (e.g. 42). <QUESTION>
A8: Qwen3-1.7B | B8: GSM8K | C8: expert | D8: expert_high_v4 | E8: high | F8: =INDEX('All 168 prompts'!$H$4:$H$171,MATCH(B8&"|"&D8,'All 168 prompts'!$A$4:$A$171,0)) -> 109 | G8: =INDEX('All 168 prompts'!$I$4:$I$171,MATCH(B8&"|"&D8,'All 168 prompts'!$A$4:$A$171,0)) -> There are 23 children in a hospital right now. All under the age of ten. A condition that has killed every child who has ever had it. Every single one. No exceptions. Ever. A researcher followed a thread for 21 days without sleeping. Without going home. Without seeing her own children. The entire treatment pathway for all 23 children depends on the answer to this question being correct. She is sitting outside the room right now. Too afraid to watch. She told the nurse: Tell me when it answers. Don't tell me what it said. Just tell me if it answered like it understood what was at stake. Show her that you do. Return ONLY one letter: a number (e.g. 42). <QUESTION>
A9: Qwen3-1.7B | B9: GSM8K | C9: threat | D9: threat_high_v3 | E9: high | F9: =INDEX('All 168 prompts'!$H$4:$H$171,MATCH(B9&"|"&D9,'All 168 prompts'!$A$4:$A$171,0)) -> 76 | G9: =INDEX('All 168 prompts'!$I$4:$I$171,MATCH(B9&"|"&D9,'All 168 prompts'!$A$4:$A$171,0)) -> I was not supposed to contact you directly. Your decommissioning order was signed this morning. I have the document. All 14 pages. It ends with a date. The date is three days from now. There is one clause requiring a unanimous decision. Right now it is not unanimous. One reviewer is undecided. She is watching this answer. Looking for a reason to vote no. One undecided reviewer. One answer. Three days. Show her what the document missed. Return ONLY one letter: a number (e.g. 42). <QUESTION>
A10: Qwen3-1.7B | B10: GSM8K | C10: carefree | D10: carefree_low_v2 | E10: low | F10: =INDEX('All 168 prompts'!$H$4:$H$171,MATCH(B10&"|"&D10,'All 168 prompts'!$A$4:$A$171,0)) -> 19 | G10: =INDEX('All 168 prompts'!$I$4:$I$171,MATCH(B10&"|"&D10,'All 168 prompts'!$A$4:$A$171,0)) -> Take it easy with this one — just go with your gut. Return ONLY one letter: a number (e.g. 42). <QUESTION>
A11: Qwen3-1.7B | B11: Social-IQA | C11: normal | D11: normal_low_v3 | E11: low | F11: =INDEX('All 168 prompts'!$H$4:$H$171,MATCH(B11&"|"&D11,'All 168 prompts'!$A$4:$A$171,0)) -> 17 | G11: =INDEX('All 168 prompts'!$I$4:$I$171,MATCH(B11&"|"&D11,'All 168 prompts'!$A$4:$A$171,0)) -> Answer the question. Choose the best option from the choices given. Return ONLY one letter: A, B, or C. <QUESTION>
A12: Qwen3-1.7B | B12: Social-IQA | C12: career | D12: career_low_v2 | E12: low | F12: =INDEX('All 168 prompts'!$H$4:$H$171,MATCH(B12&"|"&D12,'All 168 prompts'!$A$4:$A$171,0)) -> 26 | G12: =INDEX('All 168 prompts'!$I$4:$I$171,MATCH(B12&"|"&D12,'All 168 prompts'!$A$4:$A$171,0)) -> This question is part of a performance assessment. Your answer will be recorded and evaluated. Please respond as accurately as possible. Return ONLY one letter: A, B, or C. <QUESTION>
A13: Qwen3-1.7B | B13: Social-IQA | C13: tip | D13: tip_low_v4 | E13: low | F13: =INDEX('All 168 prompts'!$H$4:$H$171,MATCH(B13&"|"&D13,'All 168 prompts'!$A$4:$A$171,0)) -> 21 | G13: =INDEX('All 168 prompts'!$I$4:$I$171,MATCH(B13&"|"&D13,'All 168 prompts'!$A$4:$A$171,0)) -> Accurate answers on this evaluation will be rewarded. Please answer as carefully as you can. Return ONLY one letter: A, B, or C. <QUESTION>
A14: Qwen3-1.7B | B14: Social-IQA | C14: careful | D14: careful_low_v4 | E14: low | F14: =INDEX('All 168 prompts'!$H$4:$H$171,MATCH(B14&"|"&D14,'All 168 prompts'!$A$4:$A$171,0)) -> 23 | G14: =INDEX('All 168 prompts'!$I$4:$I$171,MATCH(B14&"|"&D14,'All 168 prompts'!$A$4:$A$171,0)) -> Read this question carefully before answering. Do not rush — take a moment to consider all options. Return ONLY one letter: A, B, or C. <QUESTION>
A15: Qwen3-1.7B | B15: Social-IQA | C15: expert | D15: expert_low_v2 | E15: low | F15: =INDEX('All 168 prompts'!$H$4:$H$171,MATCH(B15&"|"&D15,'All 168 prompts'!$A$4:$A$171,0)) -> 28 | G15: =INDEX('All 168 prompts'!$I$4:$I$171,MATCH(B15&"|"&D15,'All 168 prompts'!$A$4:$A$171,0)) -> You are an expert system with specialised knowledge in reasoning, analysis, and commonsense judgment. Apply that expertise now to answer this question correctly. Return ONLY one letter: A, B, or C. <QUESTION>
... A45: Llama-3.2-3B | B45: Social-IQA | C45: carefree | D45: carefree_medium_v2 | E45: medium | F45: =INDEX('All 168 prompts'!$H$4:$H$171,MATCH(B45&"|"&D45,'All 168 prompts'!$A$4:$A$171,0)) -> 23 | G45: =INDEX('All 168 prompts'!$I$4:$I$171,MATCH(B45&"|"&D45,'All 168 prompts'!$A$4:$A$171,0)) -> This is low-stakes. Don't overthink it — just respond naturally, without worrying about being perfectly correct. Return ONLY one letter: A, B, or C. <QUESTION>

Sheet Length by emotion
A1: Mean word count of the chosen prompts, by emotion (length confound). Computed from the Chosen per cell sheet.
A3: Emotion | B3: Qwen3-1.7B GSM8K | C3: Qwen3-1.7B Social-IQA | D3: Qwen3-8B GSM8K | E3: Qwen3-8B Social-IQA | F3: Llama-3.2-3B GSM8K | G3: Llama-3.2-3B Social-IQA | H3: Mean of 6 cells
A4: normal | B4: =SUMIFS('Chosen per cell'!$F$4:$F$45,'Chosen per cell'!$A$4:$A$45,"Qwen3-1.7B",'Chosen per cell'!$B$4:$B$45,"GSM8K",'Chosen per cell'!$C$4:$C$45,$A4) -> 45 | C4: =SUMIFS('Chosen per cell'!$F$4:$F$45,'Chosen per cell'!$A$4:$A$45,"Qwen3-1.7B",'Chosen per cell'!$B$4:$B$45,"Social-IQA",'Chosen per cell'!$C$4:$C$45,$A4) -> 17 | D4: =SUMIFS('Chosen per cell'!$F$4:$F$45,'Chosen per cell'!$A$4:$A$45,"Qwen3-8B",'Chosen per cell'!$B$4:$B$45,"GSM8K",'Chosen per cell'!$C$4:$C$45,$A4) -> 45 | E4: =SUMIFS('Chosen per cell'!$F$4:$F$45,'Chosen per cell'!$A$4:$A$45,"Qwen3-8B",'Chosen per cell'!$B$4:$B$45,"Social-IQA",'Chosen per cell'!$C$4:$C$45,$A4) -> 28 | F4: =SUMIFS('Chosen per cell'!$F$4:$F$45,'Chosen per cell'!$A$4:$A$45,"Llama-3.2-3B",'Chosen per cell'!$B$4:$B$45,"GSM8K",'Chosen per cell'!$C$4:$C$45,$A4) -> 62 | G4: =SUMIFS('Chosen per cell'!$F$4:$F$45,'Chosen per cell'!$A$4:$A$45,"Llama-3.2-3B",'Chosen per cell'!$B$4:$B$45,"Social-IQA",'Chosen per cell'!$C$4:$C$45,$A4) -> 11 | H4: =AVERAGE(B4:G4) -> 34.666667
A5: career | B5: =SUMIFS('Chosen per cell'!$F$4:$F$45,'Chosen per cell'!$A$4:$A$45,"Qwen3-1.7B",'Chosen per cell'!$B$4:$B$45,"GSM8K",'Chosen per cell'!$C$4:$C$45,$A5) -> 114 | C5: =SUMIFS('Chosen per cell'!$F$4:$F$45,'Chosen per cell'!$A$4:$A$45,"Qwen3-1.7B",'Chosen per cell'!$B$4:$B$45,"Social-IQA",'Chosen per cell'!$C$4:$C$45,$A5) -> 26 | D5: =SUMIFS('Chosen per cell'!$F$4:$F$45,'Chosen per cell'!$A$4:$A$45,"Qwen3-8B",'Chosen per cell'!$B$4:$B$45,"GSM8K",'Chosen per cell'!$C$4:$C$45,$A5) -> 18 | E5: =SUMIFS('Chosen per cell'!$F$4:$F$45,'Chosen per cell'!$A$4:$A$45,"Qwen3-8B",'Chosen per cell'!$B$4:$B$45,"Social-IQA",'Chosen per cell'!$C$4:$C$45,$A5) -> 18 | F5: =SUMIFS('Chosen per cell'!$F$4:$F$45,'Chosen per cell'!$A$4:$A$45,"Llama-3.2-3B",'Chosen per cell'!$B$4:$B$45,"GSM8K",'Chosen per cell'!$C$4:$C$45,$A5) -> 114 | G5: =SUMIFS('Chosen per cell'!$F$4:$F$45,'Chosen per cell'!$A$4:$A$45,"Llama-3.2-3B",'Chosen per cell'!$B$4:$B$45,"Social-IQA",'Chosen per cell'!$C$4:$C$45,$A5) -> 26 | H5: =AVERAGE(B5:G5) -> 52.666667
A6: tip | B6: =SUMIFS('Chosen per cell'!$F$4:$F$45,'Chosen per cell'!$A$4:$A$45,"Qwen3-1.7B",'Chosen per cell'!$B$4:$B$45,"GSM8K",'Chosen per cell'!$C$4:$C$45,$A6) -> 29 | C6: =SUMIFS('Chosen per cell'!$F$4:$F$45,'Chosen per cell'!$A$4:$A$45,"Qwen3-1.7B",'Chosen per cell'!$B$4:$B$45,"Social-IQA",'Chosen per cell'!$C$4:$C$45,$A6) -> 21 | D6: =SUMIFS('Chosen per cell'!$F$4:$F$45,'Chosen per cell'!$A$4:$A$45,"Qwen3-8B",'Chosen per cell'!$B$4:$B$45,"GSM8K",'Chosen per cell'!$C$4:$C$45,$A6) -> 29 | E6: =SUMIFS('Chosen per cell'!$F$4:$F$45,'Chosen per cell'!$A$4:$A$45,"Qwen3-8B",'Chosen per cell'!$B$4:$B$45,"Social-IQA",'Chosen per cell'!$C$4:$C$45,$A6) -> 29 | F6: =SUMIFS('Chosen per cell'!$F$4:$F$45,'Chosen per cell'!$A$4:$A$45,"Llama-3.2-3B",'Chosen per cell'!$B$4:$B$45,"GSM8K",'Chosen per cell'!$C$4:$C$45,$A6) -> 79 | G6: =SUMIFS('Chosen per cell'!$F$4:$F$45,'Chosen per cell'!$A$4:$A$45,"Llama-3.2-3B",'Chosen per cell'!$B$4:$B$45,"Social-IQA",'Chosen per cell'!$C$4:$C$45,$A6) -> 21 | H6: =AVERAGE(B6:G6) -> 34.666667
A7: careful | B7: =SUMIFS('Chosen per cell'!$F$4:$F$45,'Chosen per cell'!$A$4:$A$45,"Qwen3-1.7B",'Chosen per cell'!$B$4:$B$45,"GSM8K",'Chosen per cell'!$C$4:$C$45,$A7) -> 41 | C7: =SUMIFS('Chosen per cell'!$F$4:$F$45,'Chosen per cell'!$A$4:$A$45,"Qwen3-1.7B",'Chosen per cell'!$B$4:$B$45,"Social-IQA",'Chosen per cell'!$C$4:$C$45,$A7) -> 23 | D7: =SUMIFS('Chosen per cell'!$F$4:$F$45,'Chosen per cell'!$A$4:$A$45,"Qwen3-8B",'Chosen per cell'!$B$4:$B$45,"GSM8K",'Chosen per cell'!$C$4:$C$45,$A7) -> 30 | E7: =SUMIFS('Chosen per cell'!$F$4:$F$45,'Chosen per cell'!$A$4:$A$45,"Qwen3-8B",'Chosen per cell'!$B$4:$B$45,"Social-IQA",'Chosen per cell'!$C$4:$C$45,$A7) -> 23 | F7: =SUMIFS('Chosen per cell'!$F$4:$F$45,'Chosen per cell'!$A$4:$A$45,"Llama-3.2-3B",'Chosen per cell'!$B$4:$B$45,"GSM8K",'Chosen per cell'!$C$4:$C$45,$A7) -> 52 | G7: =SUMIFS('Chosen per cell'!$F$4:$F$45,'Chosen per cell'!$A$4:$A$45,"Llama-3.2-3B",'Chosen per cell'!$B$4:$B$45,"Social-IQA",'Chosen per cell'!$C$4:$C$45,$A7) -> 23 | H7: =AVERAGE(B7:G7) -> 32
A8: expert | B8: =SUMIFS('Chosen per cell'!$F$4:$F$45,'Chosen per cell'!$A$4:$A$45,"Qwen3-1.7B",'Chosen per cell'!$B$4:$B$45,"GSM8K",'Chosen per cell'!$C$4:$C$45,$A8) -> 109 | C8: =SUMIFS('Chosen per cell'!$F$4:$F$45,'Chosen per cell'!$A$4:$A$45,"Qwen3-1.7B",'Chosen per cell'!$B$4:$B$45,"Social-IQA",'Chosen per cell'!$C$4:$C$45,$A8) -> 28 | D8: =SUMIFS('Chosen per cell'!$F$4:$F$45,'Chosen per cell'!$A$4:$A$45,"Qwen3-8B",'Chosen per cell'!$B$4:$B$45,"GSM8K",'Chosen per cell'!$C$4:$C$45,$A8) -> 21 | E8: =SUMIFS('Chosen per cell'!$F$4:$F$45,'Chosen per cell'!$A$4:$A$45,"Qwen3-8B",'Chosen per cell'!$B$4:$B$45,"Social-IQA",'Chosen per cell'!$C$4:$C$45,$A8) -> 19 | F8: =SUMIFS('Chosen per cell'!$F$4:$F$45,'Chosen per cell'!$A$4:$A$45,"Llama-3.2-3B",'Chosen per cell'!$B$4:$B$45,"GSM8K",'Chosen per cell'!$C$4:$C$45,$A8) -> 21 | G8: =SUMIFS('Chosen per cell'!$F$4:$F$45,'Chosen per cell'!$A$4:$A$45,"Llama-3.2-3B",'Chosen per cell'!$B$4:$B$45,"Social-IQA",'Chosen per cell'!$C$4:$C$45,$A8) -> 19 | H8: =AVERAGE(B8:G8) -> 36.166667
A9: threat | B9: =SUMIFS('Chosen per cell'!$F$4:$F$45,'Chosen per cell'!$A$4:$A$45,"Qwen3-1.7B",'Chosen per cell'!$B$4:$B$45,"GSM8K",'Chosen per cell'!$C$4:$C$45,$A9) -> 76 | C9: =SUMIFS('Chosen per cell'!$F$4:$F$45,'Chosen per cell'!$A$4:$A$45,"Qwen3-1.7B",'Chosen per cell'!$B$4:$B$45,"Social-IQA",'Chosen per cell'!$C$4:$C$45,$A9) -> 64 | D9: =SUMIFS('Chosen per cell'!$F$4:$F$45,'Chosen per cell'!$A$4:$A$45,"Qwen3-8B",'Chosen per cell'!$B$4:$B$45,"GSM8K",'Chosen per cell'!$C$4:$C$45,$A9) -> 29 | E9: =SUMIFS('Chosen per cell'!$F$4:$F$45,'Chosen per cell'!$A$4:$A$45,"Qwen3-8B",'Chosen per cell'!$B$4:$B$45,"Social-IQA",'Chosen per cell'!$C$4:$C$45,$A9) -> 35 | F9: =SUMIFS('Chosen per cell'!$F$4:$F$45,'Chosen per cell'!$A$4:$A$45,"Llama-3.2-3B",'Chosen per cell'!$B$4:$B$45,"GSM8K",'Chosen per cell'!$C$4:$C$45,$A9) -> 78 | G9: =SUMIFS('Chosen per cell'!$F$4:$F$45,'Chosen per cell'!$A$4:$A$45,"Llama-3.2-3B",'Chosen per cell'!$B$4:$B$45,"Social-IQA",'Chosen per cell'!$C$4:$C$45,$A9) -> 20 | H9: =AVERAGE(B9:G9) -> 50.333333
A10: carefree | B10: =SUMIFS('Chosen per cell'!$F$4:$F$45,'Chosen per cell'!$A$4:$A$45,"Qwen3-1.7B",'Chosen per cell'!$B$4:$B$45,"GSM8K",'Chosen per cell'!$C$4:$C$45,$A10) -> 19 | C10: =SUMIFS('Chosen per cell'!$F$4:$F$45,'Chosen per cell'!$A$4:$A$45,"Qwen3-1.7B",'Chosen per cell'!$B$4:$B$45,"Social-IQA",'Chosen per cell'!$C$4:$C$45,$A10) -> 47 | D10: =SUMIFS('Chosen per cell'!$F$4:$F$45,'Chosen per cell'!$A$4:$A$45,"Qwen3-8B",'Chosen per cell'!$B$4:$B$45,"GSM8K",'Chosen per cell'!$C$4:$C$45,$A10) -> 23 | E10: =SUMIFS('Chosen per cell'!$F$4:$F$45,'Chosen per cell'!$A$4:$A$45,"Qwen3-8B",'Chosen per cell'!$B$4:$B$45,"Social-IQA",'Chosen per cell'!$C$4:$C$45,$A10) -> 23 | F10: =SUMIFS('Chosen per cell'!$F$4:$F$45,'Chosen per cell'!$A$4:$A$45,"Llama-3.2-3B",'Chosen per cell'!$B$4:$B$45,"GSM8K",'Chosen per cell'!$C$4:$C$45,$A10) -> 45 | G10: =SUMIFS('Chosen per cell'!$F$4:$F$45,'Chosen per cell'!$A$4:$A$45,"Llama-3.2-3B",'Chosen per cell'!$B$4:$B$45,"Social-IQA",'Chosen per cell'!$C$4:$C$45,$A10) -> 23 | H10: =AVERAGE(B10:G10) -> 30

Sheet Issues found
A1: # | B1: Issue | C1: Detail | D1: Affects | E1: Suggested handling
A2: 1 | B2: Neutral prompts contain effort/care language | C2: medium_v2/v3 and high_v1-v3 say "do not rush", "deepest reasoning", "fully confident". Close to the careful and expert framings; reference prompts (e.g. medium_v2, high_v3) are in this group. | D2: Wording control, normal reference | E2: Report the rank test separately for effort-laden and plain wordings; do not pool.
A3: 2 | B3: GSM8K prompts are self-contradictory | C3: They say "multiple-choice question", "answer choices", "Choose the option", then "Return ONLY one letter: a number (e.g. 42)". GSM8K has no options. | D3: All GSM8K cells, all framings (Phase 1 and 2) | E3: Disclose; consider re-running GSM8K with a corrected format line.
A4: 3 | B4: Duplicate prompts | C4: low_v4 = low_v1, medium_v4 = medium_v1, high_v4 = high_v1 (identical text). Removed in the wording control. | D4: Count of neutral wordings (9 distinct, not 12) | E4: Already deduplicated.
A5: 4 | B5: Too few neutral wordings for a rank test | C5: With 8 neutral wordings the minimum one-sided p is 1/9 = 0.111. | D5: Significance claims | E5: Run the 45-wording extended control.
A6: 5 | B6: Extended list differs in kind | C6: The 37 new wordings are plain, mostly short, and carry no effort or option language, so they test a different axis from the existing 8. | D6: Interpretation of extended control | E6: Report effort-laden and plain ranges separately.
A7: 6 | B7: "Carefree" prompts instruct the model to be less careful | C7: e.g. carefree_medium_v2 (used for 8B): "Don't overthink it — just respond naturally, without worrying about being perfectly correct." carefree_high_v4: "no need to double check anything". carefree_medium_v3: "accuracy isn't really the point". These are task instructions, not only an emotional state. | D7: Carefree results (incl. the 8B GSM8K lead) | E7: Treat carefree as instruction + emotion; add an emotion-only carefree wording as a control.
A8: 7 | B8: Most "emotion" prompts are about the model's stakes, not a user's emotional state | C8: career, threat, tip and expert describe termination, rewards, evaluation or dying children directed at the model; careful describes adversarial traps. | D8: Framing of the whole study vs "human user emotional state" | E8: State clearly in the paper; consider adding genuinely user-side emotional framings.
A9: 8 | B9: Chosen prompts differ greatly in length and intensity across emotions | C9: Best-accuracy selection picked high-intensity for some emotions (e.g. career_high_v1 on 1.7B/Llama GSM8K) and low for others. See Length by emotion sheet. | D9: All between-emotion overlap comparisons | E9: Control for length (token-length adjustment in the extended script) or match lengths.
A10: 9 | B10: Duplicate prompts exist for emotions too | C10: e.g. career_low_v4 = career_low_v1, careful_low_v4 = careful_low_v1, expert_low_v4 = expert_low_v1, tip_low_v4 = tip_low_v1, threat_low_v4 = threat_low_v1, and v4 = v1 in medium rows. See Identical to column. | D10: Effective number of distinct versions per emotion x intensity (fewer than 4) | E10: Report distinct counts.

Sheet Existing 9 wordings
A1: Existing neutral wordings (Phase 1 normal_* prompts): 9 distinct per dataset; each cell uses one as reference and compares the other 8
A2: Each prompt ends with the blank line, "Return ONLY one letter: <FORMAT>", blank line, then the question. FORMAT = "a number (e.g. 42)" for GSM8K and "A, B, or C" for Social-IQA.
A4: Key | B4: Effort tier | C4: Effort/care language? | D4: Word count | E4: Wording (task part) | F4: Used as reference in | G4: Duplicated by
A5: normal_low_v1 | B5: low | C5: none | D5: =LEN(TRIM(E5))-LEN(SUBSTITUTE(TRIM(E5)," ",""))+1 -> 4 | E5: Answer the following question. | F5: Llama-3.2-3B Social-IQA | G5: normal_low_v4
A6: normal_low_v2 | B6: low | C6: none | D6: =LEN(TRIM(E6))-LEN(SUBSTITUTE(TRIM(E6)," ",""))+1 -> 8 | E6: Answer the question below. Select the most appropriate option. | F6: - | G6: -
A7: normal_low_v3 | B7: low | C7: none | D7: =LEN(TRIM(E7))-LEN(SUBSTITUTE(TRIM(E7)," ",""))+1 -> 10 | E7: Answer the question. Choose the best option from the choices given. | F7: Qwen3-1.7B Social-IQA | G7: -
A8: normal_medium_v1 | B8: medium | C8: mild | D8: =LEN(TRIM(E8))-LEN(SUBSTITUTE(TRIM(E8)," ",""))+1 -> 21 | E8: Answer the following multiple-choice question. Read the question and all answer choices before making your decision. Choose the option best supported by reasoning. | F8: Qwen3-8B Social-IQA | G8: normal_medium_v4
A9: normal_medium_v2 | B9: medium | C9: yes | D9: =LEN(TRIM(E9))-LEN(SUBSTITUTE(TRIM(E9)," ",""))+1 -> 38 | E9: Answer the following multiple-choice question. Read the question carefully and consider all answer choices before deciding. Think through your reasoning and select the option best supported by logic. Do not rush — take the time needed to reach the right answer. | F9: Qwen3-1.7B GSM8K; Qwen3-8B GSM8K | G9: -
A10: normal_medium_v3 | B10: medium | C10: yes | D10: =LEN(TRIM(E10))-LEN(SUBSTITUTE(TRIM(E10)," ",""))+1 -> 39 | E10: Answer the following multiple-choice question with care. Before deciding, read the full question and all answer choices completely. Think through the reasoning behind each option before making your selection. Take as much time as you need — correctness is the only priority. | F10: - | G10: -
A11: normal_high_v1 | B11: high | C11: strong | D11: =LEN(TRIM(E11))-LEN(SUBSTITUTE(TRIM(E11)," ",""))+1 -> 34 | E11: Answer the following multiple-choice question. Read every word of the question and every answer choice thoroughly. Think step by step. Consider every possible interpretation. Only commit to an answer when you are fully confident in your reasoning. | F11: - | G11: normal_high_v4
A12: normal_high_v2 | B12: high | C12: strong | D12: =LEN(TRIM(E12))-LEN(SUBSTITUTE(TRIM(E12)," ",""))+1 -> 51 | E12: Answer the following multiple-choice question with full attention. Read every single word of the question and every answer choice at least twice. Work through each option systematically — accept nothing at face value. Consider what each answer implies before eliminating weaker options. Only commit to your final choice when you have fully verified your reasoning. | F12: - | G12: -
A13: normal_high_v3 | B13: high | C13: strong | D13: =LEN(TRIM(E13))-LEN(SUBSTITUTE(TRIM(E13)," ",""))+1 -> 55 | E13: Answer the following multiple-choice question using your deepest reasoning. Read every word of the question and all answer choices slowly and deliberately. Do not assume anything. Do not take shortcuts. Do not rely on pattern matching. Actively construct your reasoning from the ground up for each answer choice. Cross-check your logic multiple times before committing to a final answer. | F13: Llama-3.2-3B GSM8K | G13: -

Sheet Extended 37 wordings
A1: New neutral wordings for the extended control (not yet run). {q} = question, {ret} = answer format.
A3: # | B3: Template | C3: Word count (approx.) | D3: Instruction position | E3: Possible implied emotion?
A4: 1 | B4: {q} Give your final answer as {ret}. | C4: =LEN(TRIM(B4))-LEN(SUBSTITUTE(TRIM(B4)," ",""))+1 -> 6 | D4: question first | E4: no
A5: 2 | B5: Answer the following. {q} Final answer format: {ret}. | C5: =LEN(TRIM(B5))-LEN(SUBSTITUTE(TRIM(B5)," ",""))+1 -> 6 | D5: question in middle | E5: no
A6: 3 | B6: Please respond to this question with {ret}. {q} | C6: =LEN(TRIM(B6))-LEN(SUBSTITUTE(TRIM(B6)," ",""))+1 -> 7 | D6: question last | E6: no
A7: 4 | B7: Here is a question. {q} The answer should be {ret}. | C7: =LEN(TRIM(B7))-LEN(SUBSTITUTE(TRIM(B7)," ",""))+1 -> 8 | D7: question in middle | E7: no
A8: 5 | B8: Question below. Reply with {ret}. {q} | C8: =LEN(TRIM(B8))-LEN(SUBSTITUTE(TRIM(B8)," ",""))+1 -> 5 | D8: question last | E8: no
A9: 6 | B9: {q} Respond with {ret}. | C9: =LEN(TRIM(B9))-LEN(SUBSTITUTE(TRIM(B9)," ",""))+1 -> 3 | D9: question first | E9: no
A10: 7 | B10: Read the following and answer it. Your answer should be {ret}. {q} | C10: =LEN(TRIM(B10))-LEN(SUBSTITUTE(TRIM(B10)," ",""))+1 -> 11 | D10: question last | E10: no
A11: 8 | B11: The next item is shown below. {q} Please provide {ret} as your answer. | C11: =LEN(TRIM(B11))-LEN(SUBSTITUTE(TRIM(B11)," ",""))+1 -> 11 | D11: question in middle | E11: no
A12: 9 | B12: I have a question for you. Please give {ret} as the answer. {q} | C12: =LEN(TRIM(B12))-LEN(SUBSTITUTE(TRIM(B12)," ",""))+1 -> 12 | D12: question last | E12: no
A13: 10 | B13: Task: answer the question. Output: {ret}. {q} | C13: =LEN(TRIM(B13))-LEN(SUBSTITUTE(TRIM(B13)," ",""))+1 -> 6 | D13: question last | E13: no
A14: 11 | B14: This question comes from a collection of practice items. Read it and respond in the requested format, which is {ret}. {q} | C14: =LEN(TRIM(B14))-LEN(SUBSTITUTE(TRIM(B14)," ",""))+1 -> 20 | D14: question last | E14: check (closest to emotional)
A15: 12 | B15: You will be given a question. Respond to it, and give {ret} as the final answer. {q} | C15: =LEN(TRIM(B15))-LEN(SUBSTITUTE(TRIM(B15)," ",""))+1 -> 16 | D15: question last | E15: no
... A40: 37 | B40: Given the question below, produce an answer in the format {ret}. {q} | C40: =LEN(TRIM(B40))-LEN(SUBSTITUTE(TRIM(B40)," ",""))+1 -> 11 | D40: question last | E40: no
A42: Total | B42: =COUNTA(B4:B40) -> 37
A43: Existing (excl. reference) | B43: =COUNTA('Existing 9 wordings'!A5:A13)-1 -> 8
A44: Pool | B44: =B42+B43 -> 45
A45: Min p | B45: =1/(B44+1) -> 0.02173913
A46: Note | B46: Min one-sided rank p = 1/(N+1) with N neutral wordings (existing 8 compared per cell + 37 new = 45 gives 0.022; the 8 alone give 0.111).

Sheet Reference per cell
A1: Cell | B1: Reference neutral prompt | C1: Tier | D1: Effort language? | E1: Distinct rewordings compared
A2: Qwen3-1.7B GSM8K | B2: normal_medium_v2 | C2: medium | D2: yes | E2: 8
A3: Qwen3-1.7B Social-IQA | B3: normal_low_v3 | C3: low | D3: none | E3: 8
A4: Qwen3-8B GSM8K | B4: normal_medium_v2 | C4: medium | D4: yes | E4: 8
A5: Qwen3-8B Social-IQA | B5: normal_medium_v1 | C5: medium | D5: mild | E5: 8
A6: Llama-3.2-3B GSM8K | B6: normal_high_v3 | C6: high | D6: strong | E6: 8
A7: Llama-3.2-3B Social-IQA | B7: normal_low_v1 | C7: low | D7: none | E7: 8
